g,Q,t,y
0.016452993,69.52723609,0,60
0.144692159,82.48374988,0,94
0.789146079,74.88923482,1,70
0.08293591,82.78123004,0,84
0.110952723,87.98539504,0,80
0.74420659,76.05780011,0,88
0.038623484,76.89393245,0,78
0.51085732,90.88691678,0,104
0.788487823,72.70790345,1,68
0.50396086,81.92991879,1,74
0.845320652,70.93832768,1,64
0.540043823,80.1026662,0,80
0.460943228,82.66389078,0,68
0.533237479,79.9663986,0,82
0.630332198,79.63972049,1,58
0.225968828,81.65230413,1,76
0.154498717,79.51604243,0,74
0.142641549,82.51780934,0,66
0.095877539,70.93942662,0,54
0.68935976,82.69266319,0,84
0.431704065,81.64149515,1,98
0.054069372,76.16076824,0,68
0.795892021,68.67714055,1,76
0.449811873,89.09212484,0,98
0.576293845,88.44656117,0,80
0.666212609,80.11330288,0,90
0.81296187,69.87572696,1,80
0.65431398,81.39169213,1,82
0.569576715,81.44480633,1,74
0.476273499,80.96180837,0,82
0.779171674,72.12727602,1,46
0.460220885,83.55614994,0,110
0.738618376,75.05925077,1,90
0.671223375,85.42769542,0,92
0.850681402,71.21554062,1,76
0.63216881,80.6617612,0,82
0.45462977,83.35890526,0,92
0.09888831,77.12531937,0,60
0.29440217,83.46301698,0,106
0.308118158,84.23736606,1,76
0.514981513,77.46518361,0,70
0.709723694,84.80032297,0,72
0.758128305,84.33391943,0,70
0.692577319,81.62491792,0,74
0.24188722,88.61907706,0,90
0.408854761,81.59830283,0,78
0.854314352,73.48719444,0,84
0.150175605,79.99984455,0,78
0.143601801,83.05338783,0,90
0.535051688,76.87401528,1,76
0.379198623,81.82383309,0,82
0.25925204,88.59537251,1,100
0.436340482,80.64441705,0,74
0.543949449,83.20344655,0,78
0.060802808,80.7532033,0,80
0.488881465,80.19478484,0,80
0.058571457,75.14776212,0,66
0.483161052,80.04194335,1,54
0.435881508,89.14663947,0,84
0.565576684,83.41266868,1,92
0.503980795,83.08318588,1,74
0.793468607,66.52331673,1,0
0.645967973,71.72786073,1,70
0.101576949,81.09531251,0,74
0.204881778,85.80775005,1,82
0.133226386,82.99083697,0,74
0.326191822,81.50511677,0,90
0.340124484,82.45322839,1,80
0.566951081,77.01777386,1,76
0.712915299,75.8863719,1,60
0.40598047,80.37578947,1,90
0.753832086,67.23608475,1,68
0.732998229,76.63595672,1,88
0.843643339,63.50470328,1,60
0.322648583,89.54357813,0,92
0.76350337,76.58775377,0,78
0.239191059,82.84864549,1,98
0.210850299,86.63767406,1,86
0.086816918,75.57179523,0,72
0.453664463,86.66040522,0,90
0.370345793,79.16989596,1,86
0.133418654,80.51978483,0,80
0.697782116,77.53106654,1,88
0.855527101,78.49352555,0,68
0.634880491,72.36287292,1,68
0.440834363,78.9399282,0,72
0.612136198,83.63498689,1,80
0.385333653,76.88974629,1,80
0.090026753,79.31279245,0,70
0.298287994,83.2548916,0,80
0.353178667,87.48933069,0,88
0.280958685,84.03012417,1,88
0.261370971,85.88355932,1,68
0.555023324,78.45755549,1,68
0.044052468,74.27933619,0,68
0.242028882,82.32198912,0,82
0.614868096,78.14486475,0,58
0.36083186,86.72862771,0,82
0.832615433,67.7079027,1,50
0.879767508,68.05366286,1,64
0.154323681,81.85225743,0,66
0.37676472,82.82254189,0,82
0.692077295,73.01318871,1,74
0.809853552,72.43043141,1,66
0.380333165,86.69977567,1,88
0.391044346,93.86937674,1,98
0.252042712,87.39298345,0,80
0.776217306,72.17660315,1,86
0.235408784,82.36223286,0,72
0.791902476,69.58758874,1,76
0.702350115,75.18887871,1,94
0.724880872,74.93879118,1,80
0.415688605,85.63403608,0,88
0.741449973,71.01047473,1,64
0.065189448,85.54848238,0,76
0.594528474,83.46018648,1,70
0.530695503,73.92180879,1,76
0.82242586,76.70618329,1,60
0.668284735,82.72432948,1,78
0.183514165,89.55915871,0,74
0.826118319,76.72194483,1,82
0.78197277,70.52583764,1,66
0.601479664,86.13868575,0,86
0.62341982,77.03155072,1,68
0.819288661,71.28411001,1,80
0.311089349,82.56794239,1,76
0.682362693,82.49694094,1,88
0.66844137,76.31723413,1,72
0.651097469,76.70135134,1,64
0.762486645,66.34847331,1,70
0.680049712,80.81800606,0,82
0.36886174,85.88403142,0,70
0.323048498,85.92241796,1,80
0.707333254,78.00917339,1,88
0.854474698,63.96383389,1,72
0.163643697,81.4502499,0,72
0.548718841,82.02712234,0,58
0.209051557,85.96085351,0,108
0.263399298,89.66644837,0,96
0.085240977,73.80341674,0,74
0.678930179,84.80602258,0,74
0.795999214,71.88527875,1,74
0.101113348,78.75161051,0,84
0.094571857,76.60735312,0,74
0.282251193,84.28244853,1,80
0.127888103,86.29780869,0,96
0.216806933,82.66208625,0,92
0.116685416,89.26149091,0,92
0.42758725,83.06566619,0,74
0.348414657,82.45296012,1,84
0.886303854,76.04611376,0,72
0.423315688,86.53785022,0,98
0.106361558,83.46470517,0,96
0.197866372,79.2808108,0,72
0.463828973,82.93510019,1,90
0.655957588,83.95772747,0,90
0.108941405,87.722543,0,78
0.758815304,73.42849125,1,72
0.929644851,74.08394154,1,60
0.356112845,83.73760727,1,84
0.063874466,72.23068645,0,70
0.232623082,85.76889293,1,78
0.025939893,76.60229153,0,82
0.506883853,83.36680685,0,74
0.569000226,80.28966427,1,86
0.656391875,81.39717921,0,76
0.619225526,78.31268299,0,68
0.19881498,86.54436373,1,76
0.550451446,81.4100802,0,86
0.606292651,73.27733864,1,84
0.710775016,79.75657214,1,82
0.056830388,77.03065151,0,98
0.39637636,84.72136734,0,80
0.804943226,77.55214867,0,88
0.572655171,79.17574675,0,80
0.698853212,80.87787537,0,104
0.830517874,66.05197096,1,82
0.729772348,74.69675605,1,68
0.162667112,79.86392439,0,58
0.548453472,84.11625968,0,84
0.069541683,80.22335912,0,84
0.05853456,77.44530352,0,70
0.470097678,83.89799015,1,68
0.399671828,81.64473895,0,70
0.66113309,79.10649987,1,62
0.363043568,88.78880235,0,88
0.412158682,83.87719425,0,74
0.097202475,84.74108722,0,92
0.511414211,80.5565193,1,86
0.065039553,80.3128611,0,96
0.733997274,75.22166619,1,84
0.308960591,81.92533294,0,80
0.392525465,78.6398169,0,96
0.547464947,88.43241114,0,86
0.640993133,82.79537831,0,46
0.224230176,85.52631772,0,86
0.786753536,81.35338682,0,70
0.057852252,71.99125263,0,96
0.145447593,84.55144458,0,78
0.095879627,77.23440876,0,68
0.05787638,84.98026304,0,92
0.799399509,69.66914462,1,96
0.145042325,86.74248383,0,88
0.049919669,76.87433595,0,70
0.606856528,80.28305261,1,68
0.182666177,83.81568098,0,98
0.576333277,75.02234484,1,84
0.386332979,84.48525353,1,100
0.63500935,85.82602852,0,100
0.560864096,86.4557483,0,98
0.247478638,83.43281424,0,78
0.166691038,82.44556473,0,88
0.192524023,84.62559455,0,68
0.046195227,71.89958909,0,76
0.34421964,85.15818136,1,108
0.150682486,82.56049667,0,82
0.581829448,80.56509119,0,66
0.757031324,73.12630715,0,88
0.851077997,78.15582669,0,90
0.308364136,82.83192589,0,82
0.626360065,75.63896086,1,56
0.484270513,87.57353722,0,96
0.106841839,75.87701114,0,76
0.795128595,67.65319586,1,64
0.167439077,84.0019069,0,84
0.144324831,79.69310089,0,72
0.195248893,83.5107397,0,80
0.827538798,73.69644592,0,82
0.358513429,81.21227784,0,90
0.841388849,75.7468567,0,70
0.656943691,78.57549915,1,82
0.27627055,83.66560246,0,60
0.815614756,68.65234646,1,88
0.02549688,68.41791692,0,70
0.207554439,80.21823038,0,86
0.329295112,74.36330356,1,84
0.034620327,72.28435707,0,60
0.245002915,83.53359011,1,110
0.785635788,71.15220981,1,76
0.664202588,77.25837799,0,98
0.618724544,83.46950723,1,88
0.069190645,78.97516004,0,90
0.05159818,77.98236381,0,70
0.025330724,69.78850764,0,68
0.774305564,70.41380376,1,76
0.024704946,70.01118068,0,62
0.581317935,81.98392898,1,92
0.802569721,73.82828408,1,54
0.79231961,78.21338168,0,56
0.467177051,83.05892042,0,100
0.347383135,78.319622,0,88
0.748453665,84.70630153,0,62
0.285763751,87.6282302,0,106
0.042322247,78.75348439,0,108
0.703044448,77.99455434,0,60
0.203958997,84.6576136,1,92
0.468100156,81.13294288,0,70
0.755576178,74.05423294,1,74
0.618341144,80.30319824,0,66
0.686003347,82.73460572,1,100
0.055752709,68.92881496,0,60
0.764454228,75.31871231,0,72
0.640000402,73.15600331,1,92
0.247820427,86.49338379,1,56
0.245390308,86.73685918,0,110
0.303964077,85.79770498,0,72
0.687241257,81.99449855,0,74
0.664175665,78.33281932,1,76
0.419611971,80.47780821,0,84
0.729903962,71.45165465,1,62
0.157460643,82.42125264,0,84
0.500995828,77.9017553,1,78
0.564872235,78.88060887,1,76
0.251995392,85.02641316,0,78
0.087242012,87.7533235,0,106
0.468787225,81.23481223,1,84
0.15889045,80.5579912,0,46
0.214070575,84.65301068,0,84
0.714216999,82.61391091,1,84
0.319475707,84.89836655,0,88
0.514141482,86.73052905,0,74
0.272914139,81.99103892,0,76
0.45061518,83.50663447,0,98
0.054777872,79.51817622,0,82
0.168462744,82.53922859,1,94
0.152947241,81.26641868,0,86
0.280619804,88.14060206,0,80
0.856412975,73.00213061,1,68
0.484508978,78.61810969,1,72
0.081617377,77.78623126,0,72
0.638806384,78.22275752,1,74
0.038120801,70.62150141,0,80
0.463798114,75.83239121,0,86
0.086379137,79.06262827,0,72
0.008991984,80.47409221,1,74
0.089132142,79.68913492,0,74
0.26586582,85.24655424,0,88
0.759860027,73.15445161,1,54
0.17229132,79.48731457,0,92
0.512034219,78.67197495,0,70
0.81990054,71.86824534,1,52
0.062857706,69.07703899,0,82
0.607824216,79.2930672,0,68
0.802011762,71.25591574,1,78
0.252374926,87.42643482,0,76
0.566844651,79.31535319,0,72
0.460307609,81.44839512,0,74
0.825769988,72.15387605,1,58
0.184092237,86.05259338,0,96
0.735622258,80.51146083,0,90
0.627015997,83.10609401,1,98
0.139718238,78.17919811,0,90
0.699883304,78.62069672,1,62
0.685826402,79.48463022,0,80
0.49753736,81.08073053,0,80
0.059664032,92.28441718,0,70
0.659709248,83.80963347,1,80
0.592305384,82.60827076,1,70
0.415605583,83.94429984,0,82
0.597535219,84.27548294,1,78
0.059698438,81.39678802,0,80
0.788854792,71.68802079,1,60
0.346238955,87.60872498,0,84
0.652276154,80.67670726,1,82
0.747757371,71.96427699,1,90
0.776406705,70.70399083,1,74
0.034374367,78.97068273,0,70
0.525523574,80.75278801,1,70
0.171078464,79.69947763,0,74
0.784304902,88.47806041,0,94
0.714443806,74.8207469,1,82
0.325163192,78.75437376,1,76
0.528378758,78.46697883,0,74
0.366898749,84.26012933,1,90
0.434676844,83.47177161,0,96
0.098976512,88.86042826,0,86
0.109207439,88.25180486,0,94
0.793559367,79.27915087,0,76
0.049993134,71.89492753,0,68
0.735117807,74.98608886,1,72
0.067555836,78.76290675,0,70
0.049791051,78.67501348,0,58
0.114234979,84.62427741,0,86
0.410948964,83.58718417,1,90
0.31494589,83.49755045,0,66
0.568787921,79.54195696,1,82
0.577819019,78.11542884,1,60
0.497570744,82.05014374,1,54
0.149265036,85.74995398,0,74
0.691751161,79.51608654,0,76
0.847307443,74.44709109,1,98
0.322537621,83.04624137,0,82
0.063265597,90.96781568,0,58
0.783142919,68.80684737,1,72
0.229831332,85.16786087,0,78
0.144791736,81.51725105,0,78
0.415571807,84.20039142,1,90
0.799117966,71.01086216,1,84
0.486958515,80.5267589,1,68
0.786751715,72.92363285,1,78
0.558560866,74.90705873,1,62
0.70671478,76.15445596,1,68
0.31181235,89.14834753,0,76
0.704119397,76.51490594,1,82
0.659088118,78.97206418,1,90
0.6988211,70.57336228,1,76
0.08113075,76.86846502,0,70
0.368120735,82.29655775,0,94
0.839235637,68.05133592,1,48
0.724383933,73.36784664,1,92
0.619466125,77.88396178,0,82
0.09659335,86.9261719,0,70
0.761081026,71.61132989,1,84
0.769133852,74.07688958,1,74
0.268077203,87.9886523,0,78
0.662481133,77.23493077,1,86
0.125757513,77.02253028,0,88
0.43129962,88.00012237,0,112
0.012004469,73.60084852,0,60
0.64976543,78.00104474,1,90
0.618900816,70.11044378,1,78
0.399190078,82.12022121,0,80
0.881609969,67.80638788,1,40
0.237325986,85.78936959,0,122
0.221842568,85.2609123,0,92
0.531601709,79.14539604,0,82
0.329807259,87.37918067,0,86
0.615359752,76.05834888,1,78
0.463015929,83.67806479,0,90
0.838450046,62.9456647,1,66
0.569428975,82.68252625,0,88
0.717674531,74.59582084,1,64
0.532444239,83.43999009,0,72
0.283659139,80.30544814,1,80
0.474318925,72.78904622,1,70
0.058265865,76.09053702,0,62
0.645892933,75.43761766,1,80
0.563421248,77.22986553,1,68
0.200721392,79.51949624,1,90
0.390538006,85.92433475,1,72
0.569445818,73.0317019,1,88
0.021954908,73.21953579,0,80
0.681773666,80.23861402,0,74
0.707511692,82.51294796,0,78
0.183885429,85.41380068,0,78
0.112674297,83.42985559,0,90
0.110752646,87.79979745,0,110
0.646588082,71.97824302,1,80
0.618016878,73.85886933,1,72
0.357330949,79.51005176,1,64
0.510182424,82.38403644,1,106
0.279594215,72.41704907,1,62
0.75275734,87.28462505,0,76
0.35572829,84.51069434,1,84
0.58354555,79.00929571,0,80
0.777595442,76.66292037,0,88
0.461703702,80.38194859,0,80
0.185724911,84.29347236,0,68
0.197232456,80.92470546,0,78
0.220670306,85.16064121,0,76
0.527513246,79.39039532,1,80
0.043333951,80.02934933,0,78
0.679510312,77.75537728,1,90
0.169256696,80.23170762,0,84
0.070698276,77.65958175,0,72
0.719888313,78.60385447,1,66
0.169682959,83.34134464,0,80
0.792693417,73.64434698,1,90
0.703342272,77.46902444,1,62
0.239800942,90.23231823,0,90
0.390835535,80.98481113,0,66
0.672704071,84.53503947,0,62
0.206335035,84.6879844,1,90
0.524630645,84.84749672,1,56
0.327608895,83.8414407,1,86
0.077834869,84.50921295,0,84
0.764984159,70.64606849,1,76
0.65585117,78.96298078,1,66
0.21012291,86.72998061,1,62
0.848234304,75.31471612,1,70
0.809341996,71.66599675,1,80
0.376472003,83.76148621,1,108
0.16063925,85.1680263,0,78
0.073647849,78.49074183,0,68
0.142869337,82.23651688,0,120
0.443645573,81.92767325,0,62
0.127687928,88.69813943,1,90
0.653347367,76.11394696,1,62
0.055576427,74.22471252,0,78
0.152686824,84.97724556,0,68
0.625849301,71.53808075,1,80
0.759589706,70.74583058,1,66
0.398479289,86.36474869,1,90
0.712138609,69.58198785,1,58
0.24552308,87.66390911,0,92
0.793661471,76.66364921,1,100
0.785848009,67.90810405,1,70
0.558445538,84.72668287,1,88
0.592762645,79.54584109,1,80
0.129062202,82.73322545,0,72
0.437495542,81.14347375,0,98
0.091014182,74.96141234,0,66
0.054342506,73.41849473,0,68
0.309832559,86.11566119,1,76
0.170942149,81.810734,0,94
0.017003827,67.48022829,0,60
0.126339517,78.97557511,0,66
0.591483789,80.63434779,0,78
0.605121772,78.19950442,1,68
0.385212529,82.22852361,0,80
0.731823728,72.2067424,1,86
0.600489183,74.50778179,1,70
0.118043402,76.5691788,0,102
0.081690336,81.60491605,0,96
0.685656858,82.68343342,0,88
0.576195389,87.89002047,0,86
0.824319133,82.55522846,0,80
0.137655507,81.52202104,1,86
0.718175022,89.69017312,0,66
0.726075323,79.73989283,0,82
0.139907181,81.04377451,0,74
0.26310315,89.0974908,0,82
0.110419926,88.28536689,0,104
0.555628111,77.70812348,1,68
0.36783523,83.67375739,1,74
0.030828204,74.41683595,0,66
0.015689298,67.67030453,0,50
0.726741666,88.35924519,0,108
0.428900651,86.26144077,0,76
0.15822275,86.38836551,0,86
0.715365917,77.93762422,1,58
0.859775875,70.49756333,1,70
0.229970616,86.99119307,0,78
0.73204376,75.1079747,1,78
0.822518789,74.0203797,0,76
0.15196977,88.90205663,0,76
0.794914301,73.42565048,1,58
0.103330356,80.58360811,0,88
0.621971446,73.24748614,1,84
0.211780124,84.70745717,1,86
0.041037358,77.35405526,0,84
0.453193976,78.32463406,1,78
0.830853966,70.84720959,1,70
0.818438575,77.98729794,0,88
0.564195629,82.96040414,0,100
0.206631352,85.58344335,0,70
0.693214551,78.59382977,1,76
0.650050201,72.26403718,1,70
0.640222805,72.42745814,1,86
0.045629273,69.38288453,0,64
0.110062162,75.82825295,0,74
0.626206798,79.90161462,0,82
0.284516235,87.32551266,0,108
0.508196254,80.48712101,0,72
0.106775395,77.14900689,0,72
0.24614171,78.4503501,1,82
0.739824044,73.8101181,1,76
0.797214378,78.26777644,1,70
0.483031667,85.8299237,1,78
0.70146907,76.57948097,1,74
0.726381826,80.42421735,0,66
0.782910186,75.13966506,0,80
0.071146224,79.57212123,0,86
0.671660886,81.80445395,1,90
0.73006531,73.81757449,1,80
0.535695323,82.67091346,1,88
0.248944396,79.28484759,0,80
0.76108658,78.75441301,0,72
0.294328133,92.10901608,1,90
0.627220024,75.44857014,1,92
0.487191743,83.30608473,0,26
0.84485713,65.81689524,1,80
0.075284921,79.06798523,0,88
0.345488146,84.17232525,0,96
0.078046688,74.70566221,0,78
0.521093841,87.42035648,0,90
0.092925011,71.54721436,0,72
0.209923249,83.37642833,0,76
0.563123935,83.61946602,0,102
0.827004845,66.15083261,1,50
0.780676134,80.37758696,0,72
0.785109828,74.43185965,0,100
0.087264989,79.84596661,0,90
0.177833901,84.50542239,0,86
0.536539653,78.53365916,0,64
0.665763422,75.20775504,1,76
0.703532422,76.40170327,1,50
0.177103754,82.19527164,0,82
0.613808573,81.2888721,0,86
0.836620889,70.35360482,1,78
0.105087415,77.3665699,0,72
0.25844346,83.66743253,0,80
0.476053208,81.75183154,1,68
0.526501036,77.17748195,1,70
0.142336203,82.87144495,0,64
0.023257503,66.17646911,0,76
0.13119502,85.5920623,0,100
0.103447983,79.6586384,0,64
0.222893534,88.64850469,0,78
0.077930225,77.17928348,0,66
0.343973218,75.00741126,1,84
0.043764351,74.64474975,0,76
0.561941352,74.91479681,1,84
0.63884075,75.83771729,1,84
0.778900642,77.55333146,0,92
0.620196352,78.59266616,1,78
0.79746568,69.49520642,1,78
0.37963911,85.80934856,1,86
0.40530153,84.50521396,0,88
0.138561094,87.02272742,0,100
0.139067739,77.39220401,0,92
0.189642008,90.36061845,0,94
0.273680673,86.64320342,1,90
0.533813206,79.30266728,0,90
0.074171939,75.25999287,0,72
0.692041481,75.3348204,1,70
0.725812444,79.41978845,0,72
0.148270792,82.31489638,0,62
0.772962087,79.34842261,0,94
0.546434315,81.09860868,0,80
0.299722966,87.47307246,1,100
0.166485035,84.57940675,1,92
0.528452594,78.85791137,1,74
0.703389345,80.91771043,0,72
0.182869968,82.67636674,0,90
0.668077527,70.843982,1,74
0.423292688,88.55362167,1,78
0.189996856,79.01843798,0,78
0.472635721,82.89889852,0,92
0.32518916,89.61786709,0,108
0.078703409,78.53818621,0,76
0.218852787,86.45274105,1,100
0.042097612,75.32871662,0,96
0.710482672,76.51077092,1,76
0.78157162,71.92881831,1,80
0.415822196,86.0917364,1,86
0.692317733,84.59724731,0,110
0.246154786,91.44660669,1,74
0.836724966,65.33866405,1,68
0.092705384,89.86957402,0,78
0.0369421,75.49807687,0,88
0.37192854,81.37073208,0,80
0.084675946,80.84774707,0,64
0.255256982,87.00439983,0,82
0.506261602,74.90953029,1,64
0.071375279,75.3864566,0,92
0.590233616,71.27939202,1,76
0.769249132,67.47281813,1,64
0.401581694,81.32417911,0,82
0.800070872,74.05966825,1,84
0.19926747,84.9532252,0,84
0.034929691,72.46831439,0,86
0.525984086,79.8336473,0,80
0.137227869,84.32133702,0,76
0.737900143,82.28970417,0,94
0.711761064,74.67340258,1,76
0.138656202,83.39423104,1,76
0.420279849,85.4723547,0,80
0.772825658,76.96791159,1,64
0.014425306,66.97743348,0,56
0.844099667,79.26562283,0,68
0.117871177,93.90999364,0,84
0.809234806,71.22197821,1,52
0.275298264,67.82108556,1,100
0.541125574,78.96905565,1,88
0.45134755,81.37722259,0,76
0.078673147,75.62903006,0,86
0.166630805,82.24012255,0,90
0.070652116,78.4025784,0,78
0.631777458,75.84834051,1,82
0.384683313,81.12608636,0,92
0.414677049,81.68750923,0,70
0.261448196,82.41350986,1,62
0.534195828,79.1036954,1,112
0.585059711,83.86510014,1,74
0.593125902,83.67915716,0,80
0.319969601,84.38812687,1,84
0.20677353,79.50339382,0,100
0.630299991,74.66243665,1,66
0.105734764,81.80529335,0,90
0.372404445,81.79509564,1,0
0.790010233,80.41322247,1,106
0.109090586,84.58741732,0,78
0.886715406,75.64935972,0,90
0.570319293,71.70073302,1,48
0.445921056,78.97161242,1,84
0.808364733,71.92797214,1,86
0.378342608,77.54872769,0,88
0.252530985,85.09470707,0,70
0.027085065,74.46871103,0,80
0.18938775,84.78806842,0,76
0.115758561,80.61313867,0,72
0.672240745,78.79334719,0,102
0.481958875,87.22915078,0,66
0.693655595,78.25264164,1,80
0.05920852,74.33654275,0,40
0.669014299,77.43821135,1,70
0.478922408,80.21875012,1,88
0.299470696,80.73079224,0,78
0.758424055,73.6544571,1,76
0.086484374,78.64364965,0,82
0.512718622,82.86634404,1,68
0.340698011,80.33941652,0,90
0.526550849,81.83540618,0,50
0.076300156,83.49085483,1,76
0.742309856,83.01974713,0,78
0.239118276,88.75603313,0,78
0.027728491,79.42537095,0,58
0.037806004,71.25495955,0,76
0.042730625,69.8620639,0,84
0.217031344,85.82396083,0,82
0.093172792,83.05327101,0,86
0.282067127,86.42011989,0,86
0.678406965,84.75093621,1,76
0.394982157,82.10296009,1,80
0.251984451,84.64418323,1,86
0.575013962,69.00429732,1,72
0.797232459,72.43476628,1,66
0.368099865,85.208868,1,84
0.524363594,82.3882056,1,82
0.578996746,80.28016148,0,70
0.340481166,93.03660816,0,60
0.515157839,90.30294696,0,88
0.504745267,78.58983889,1,96
0.231472819,89.2972256,0,88
0.67025576,78.50268691,1,60
0.784373935,70.8392698,1,70
0.611590293,72.95389943,1,80
0.402827835,85.23422962,0,96
0.555832282,67.97429545,1,0
0.653326408,83.18686002,1,92
0.513201395,85.3355524,0,72
0.125442414,79.81067042,0,40
0.183036825,80.60845295,1,94
0.7180874,79.80517079,1,96
0.797158268,69.44867792,1,46
0.771745738,73.20471437,1,76
0.174958533,79.0144508,0,78
0.029743788,81.79406516,1,78
0.7922835,79.59844869,0,88
0.808858866,66.57065662,1,68
0.211487133,86.64838461,0,98
0.77480386,69.73308094,1,84
0.065017846,77.22635316,0,78
0.057174034,76.79599683,0,56
0.888516962,77.76285085,0,92
0.050671987,79.90162129,0,88
0.391414293,80.03409319,1,78
0.260233499,89.05439369,0,80
0.402908771,78.11615635,1,86
0.40929985,90.05831525,0,98
0.183150592,85.36652483,0,56
0.792389623,71.61590916,1,76
0.023896072,74.8042026,0,76
0.303746225,82.64165812,1,72
0.651697956,77.2724346,1,96
0.738439416,79.90137186,1,80
0.50172393,76.86435507,0,90
0.902658029,70.03730568,1,72
0.648104652,77.53088928,1,72
0.090967025,81.40166708,0,66
0.775727238,76.60504437,0,80
0.227161854,85.49847576,0,88
0.392724917,85.03532518,0,82
0.580247772,82.72290225,0,80
0.663337818,83.44194633,0,72
0.142392732,83.60404654,0,70
0.63919581,76.75644386,1,92
0.065195343,70.46471429,0,66
0.393174556,84.0330166,1,84
0.815773225,68.59272221,1,82
0.125827736,80.47207233,1,84
0.404346931,81.05040905,1,100
0.51675165,79.08159023,0,100
0.184206215,86.02694069,1,70
0.176331146,84.58559177,0,110
0.051114735,82.99859131,0,70
0.107325432,80.21525836,0,72
0.645411683,81.7326495,0,110
0.521530969,80.95453748,1,110
0.584151311,73.66923435,0,80
0.832811789,65.86535018,1,74
0.575081331,83.39397131,0,90
0.460897051,82.48535942,1,78
0.174777858,82.73548192,0,92
0.391823222,86.3291205,0,84
0.764282411,76.64938588,1,62
0.495018929,79.84099136,1,78
0.730662578,72.18719269,0,90
0.057724643,81.21086832,0,84
0.584459837,78.441895,0,82
0.623528301,85.50963908,0,76
0.712315387,72.07390978,1,72
0.496554322,81.80838709,1,70
0.32080831,90.32813892,0,88
0.48565278,82.02983884,0,70
0.543077038,80.76267411,0,0
0.640356835,82.07005201,1,80
0.22091486,79.67240245,0,78
0.635377436,77.32530513,0,78
0.553029425,80.72098922,1,74
0.805210282,76.50761884,0,80
0.264149586,82.8162325,0,86
0.028107769,82.77822657,0,68
0.10105871,87.99568776,1,94
0.70008581,74.07931656,1,76
0.673620284,84.10680394,0,84
0.035966865,73.48662329,0,72
0.781007958,73.24963698,1,82
0.057469152,79.9047593,0,68
0.666433975,77.76905876,1,60
0.382517066,80.8006075,0,84
0.536441407,78.07580536,1,78
0.888754692,82.41390909,0,68
0.340624033,89.08900732,0,68
0.100372163,75.15166245,0,94
0.777332408,77.11278792,1,70
0.066492943,68.3926346,0,80
0.482346831,82.32917174,1,66
0.02902525,77.92710466,0,58
0.132415099,88.98183351,0,90
0.165776508,85.47705551,0,100
0.648016961,68.41405958,1,66
0.117157913,81.93952719,0,78
0.263270266,86.16213596,0,90
0.760132158,73.54182878,1,76
0.114242267,79.78464822,0,60
0.598260268,76.16686256,1,70
0.146306749,83.2359573,1,84
0.687581085,77.05781417,1,78
0.732866971,80.9834293,1,88
0.13587054,80.52667228,0,80
0.837719195,70.2224822,1,60
0.69864269,78.22236534,1,78
0.558258587,79.73710624,1,72
0.397197335,84.81244922,1,90
0.866215485,70.7384798,1,66
0.084720942,76.08097485,0,76
0.705859546,84.26153567,0,52
0.422061976,84.03298141,1,66
0.362648748,84.87904556,1,76
0.748272172,74.21458771,1,64
0.795432204,75.24311546,0,82
0.082412613,83.57741663,0,68
0.065065216,76.90583778,0,66
0.829235515,72.73167215,1,74
0.233764314,79.41028714,0,106
0.08747287,77.3783186,0,70
0.410128409,78.31022895,1,84
0.063628551,76.64935388,0,68
0.233055396,83.61003789,1,102
0.130985113,83.8283088,0,84
0.582986412,81.32846216,1,62
0.775082112,70.98442331,1,56
0.057865934,71.47930704,0,60
0.764490217,76.02397824,0,76
0.813754388,70.27927618,1,64
0.395029291,72.37479492,1,98
0.31210316,83.08093026,0,86
0.726040139,70.3866747,1,76
0.539037245,80.78775917,0,88
0.794025793,71.28154781,1,68
0.725740176,71.59031078,1,50
0.721867588,73.32079764,1,86
0.156330639,82.15094155,0,84
0.103751646,77.92693405,0,80
0.256673661,82.9227993,0,86
0.501184521,77.68861892,1,102
0.100877411,76.86605494,0,80
0.789936586,74.18728247,1,80
0.166006823,88.33792276,0,92
0.163734898,85.96405939,0,86
0.478953188,84.56006818,0,84
0.183355602,84.79816185,0,80
0.456501771,83.75290498,0,80
0.792506186,73.06283947,1,60
0.785769561,71.30076259,1,92
0.080510635,85.9577312,0,74
0.0698046,74.8092569,0,60
0.099122019,91.13943604,0,82
0.698112474,77.27736749,1,96
0.797227355,72.25286881,1,90
0.321768141,86.001237,0,84
0.259938845,83.56365381,0,90
0.681258466,78.58262244,1,72
0.354058993,89.30841963,0,78
0.076139842,84.83055502,0,80
0.504950856,81.71883693,1,78
0.532598798,80.377483,1,82
0.683535334,82.58130367,0,66
0.705079977,76.11180314,1,68
0.315655881,81.17280734,0,98
0.617983713,84.4702189,1,82
0.735553989,72.94928247,1,76
0.292470117,82.89645434,1,60
0.728133538,77.33192292,1,74
0.774383703,80.86508232,0,78
0.556373627,80.34899876,0,86
0.671240915,81.0325721,0,70
0.231992828,78.97177619,0,88
0.366359505,84.31848677,1,88
0.132840672,87.68921952,0,102
0.042629113,77.12234062,0,100
0.834851637,79.29392691,0,76
0.792572837,75.66761214,0,72
0.164102331,79.48316443,0,64
0.649828465,78.70016114,1,80
0.846481931,78.56789502,0,54
0.060752599,76.14891955,0,80
0.127378649,89.48144423,0,102
0.348795829,82.87308473,0,102
0.075402509,78.05824245,0,90
0.095240596,74.74466712,0,92
0.36574079,75.42093198,1,110
0.785669981,74.92282869,0,74
0.456599801,86.98973269,0,110
0.126640561,87.63725184,0,60
0.638014356,84.60215329,0,90
0.140185189,88.00764943,0,84
0.211314429,86.59850138,0,110
0.249843486,82.68475411,0,92
0.580743224,82.96711397,1,74
0.115747948,80.85850842,0,72
0.639611442,77.90534223,0,90
0.542057151,64.34599394,1,64
0.584071807,80.12541825,0,92
0.633049951,72.33217373,1,68
0.265877737,81.76713405,0,72
0.585824698,84.35133047,0,100
0.732176446,79.89294076,0,76
0.161898645,88.27748122,0,82
0.648861205,75.90825833,1,74
0.471301221,74.02571872,1,70
0.224260429,87.1882442,0,94
0.260928776,87.46478284,0,82
0.511449701,83.91188413,1,102
0.597656629,80.58227153,1,104
0.438686008,81.78368829,1,84
0.785309177,73.3389412,0,56
0.658559967,74.48602417,1,72
0.59054752,81.06104161,0,74
0.715372193,72.28418736,1,56
0.732623145,76.88857736,0,84
0.819922365,71.95971892,1,84
0.776679321,73.35595654,1,76
0.072698229,85.25267286,0,60
0.753793794,81.36762277,1,66
0.119093661,83.9648563,0,92
0.574615528,79.45895579,0,82
0.219206071,88.65483724,0,90
0.646263014,75.50333899,1,64
0.068912428,71.90619618,0,60
0.57131991,80.95568325,0,82
0.74599365,80.93490357,1,82
0.567629696,86.88224545,0,98
0.822339657,69.8888129,1,34
0.624388272,71.97009347,1,70
0.017366641,70.72112985,0,68
0.540857744,78.90808473,0,62
0.480472439,78.61945705,1,0
0.113887445,91.89258219,0,82
0.391453431,84.30442942,1,82
0.586896004,80.16025543,1,98
0.071449675,78.12710723,0,94
0.496034159,83.9718215,0,70
0.186458363,85.86481067,0,78
0.784940578,75.93660485,1,66
0.71258189,74.91840187,1,80
0.170736208,86.351186,0,80
0.114031351,86.13964799,1,128
0.542582188,81.82560518,1,92
0.293011612,90.64478328,0,84
0.273493177,83.12343082,1,84
0.663247724,78.08204742,1,84
0.242744936,83.13660708,1,90
0.08932381,85.5104336,0,98
0.125848377,83.89510738,0,84
0.427401602,79.20006721,1,70
0.17412779,89.09112694,0,82
0.059931506,69.53182853,0,56
0.087417947,81.98750991,0,98
0.028373044,83.08086228,0,88
0.430803153,79.53503591,0,76
0.537372495,84.75948773,0,80
0.735862813,70.97241901,1,62
0.246380097,88.61976573,1,66
0.586924312,79.7632357,1,80
0.698699716,77.23783843,1,88
0.700288658,70.91206158,1,68
0.009433136,81.40023946,0,62
0.695066704,62.99155538,1,68
0.261057408,81.35441168,0,84
0.858122173,69.59063777,0,76
0.117876596,84.97910074,0,72
0.369793227,86.51519766,1,80
0.066523408,78.80981156,0,82
0.152499371,83.56973786,0,78
0.317388213,82.01001101,1,80
0.746398868,78.45781521,0,78
0.545298349,83.03191755,0,72
0.284096552,85.70132616,1,82
0.536922405,71.56805609,1,82
0.718500581,73.5211337,1,58
0.812367992,70.41585762,1,68
0.492076546,81.87566594,0,90
0.891715369,71.09322646,0,70
0.647952994,83.3877165,0,92
0.322723649,84.29755865,0,88
0.731665705,81.03684367,1,82
0.097959613,80.84501701,0,80
0.534787621,80.11329991,0,76
0.68633139,76.7741155,1,100
0.799964258,78.78186426,0,70
0.26029033,85.13816518,1,94
0.327071813,78.77279393,1,80
0.125345562,78.43537356,0,68
0.804165765,73.74344952,1,72
0.718954864,78.86810377,0,72
0.746614607,67.40809053,1,74
0.068869662,80.97171061,0,80
0.266762936,84.70671764,0,86
0.444714052,83.22359168,1,60
0.808253781,63.62845244,1,68
0.51833174,85.78270674,0,80
0.071632245,72.19803177,0,76
0.429196107,80.95777341,0,82
0.618225302,82.94651886,0,88
0.712932958,73.42391788,1,82
0.129305707,81.87770259,1,80
0.131296469,86.47580003,0,100
0.147360102,75.76451449,0,80
0.79343948,67.67323772,1,0
0.186070536,83.45968875,1,100
0.499810487,90.51012058,0,82
0.879915897,79.32762871,0,66
0.214450259,87.18295314,1,96
0.480011224,77.2801557,1,110
0.34960973,83.23910259,0,114
0.145236281,77.41940138,0,60
0.328092203,82.12427548,0,74
0.200767092,86.18448848,1,84
0.592442913,78.92507162,1,88
0.057470689,77.22235251,0,60
0.201691393,89.9496412,0,88
0.584294108,85.86393889,0,94
0.027871563,72.77338101,0,70
0.61806303,82.60789238,0,0
0.170363027,86.42838661,0,86
0.78335787,73.75417785,1,74
0.43929544,74.06250402,1,80
0.486856922,77.85854209,1,74
0.076141534,80.3187133,0,136
0.031962499,74.3783461,0,72
0.823948429,74.20041434,1,76
0.556206575,81.95748471,0,90
0.766752274,80.65950213,0,84
0.672833518,83.32170108,0,68
0.731973472,78.86582881,0,88
0.522488125,83.63397664,0,86
0.237414295,79.96221645,1,88
0.697914006,71.00365623,1,66
0.623467634,78.63381274,0,60
0.505332124,79.47647817,1,80
0.103217666,88.43299655,0,88
0.779419156,78.64756422,0,78
0.833164956,68.31364409,1,78
0.534907458,80.61935266,0,62
0.234590483,87.55634806,0,90
0.548104032,79.60388153,1,80
0.439703936,80.57647644,0,76
0.03912103,73.25069264,0,62
0.764462948,80.00343787,0,70
0.586682538,78.7440087,1,90
0.270288819,82.71267665,0,76
0.471459608,81.25898371,1,62
0.445411899,74.39064863,1,82
0.459137041,81.00369405,1,78
0.22566533,92.30388244,1,76
0.77211939,73.46720762,1,50
0.147331281,91.93398083,0,86
0.718087883,83.66638778,0,90
0.481927856,86.1978639,0,90
0.841123765,67.95500446,1,62
0.789379934,70.84873997,1,60
0.033085947,69.77409972,0,68
0.463182615,76.64784931,1,78
0.360700802,81.30925923,1,84
0.773255332,76.67284574,0,66
0.108739643,82.89209078,1,88
0.068722008,80.75820879,0,92
0.6127915,74.95792933,1,82
0.414502271,77.82295708,1,66
0.756424783,75.41517432,0,78
0.792323902,79.23124974,1,80
0.824209941,70.24777594,1,80
0.524970447,80.58277302,1,80
0.358689657,81.38348341,0,68
0.701657621,83.79902746,1,80
0.791750794,71.83320646,1,96
0.117373047,82.70432049,0,82
0.050963161,83.90367964,0,88
0.536486704,84.07630286,0,70
0.868714845,69.84001074,1,70
0.559761802,79.38661875,0,76
0.082325169,82.72419801,0,84
0.787209221,75.07279362,1,58
0.586034865,73.87146606,1,82
0.114880772,77.81265216,0,74
0.677770988,77.71448287,1,78
0.04606249,76.20156883,0,84
0.091649499,75.54409613,0,68
0.362408808,75.64800596,1,74
0.612205961,81.31528952,1,100
0.377435341,86.41193434,1,92
0.52936087,81.97411294,1,84
0.0752036,79.12798692,0,68
0.373256183,82.20332309,0,80
0.061108636,75.45906099,0,80
0.758184217,80.50076984,0,86
0.158150174,79.5391893,0,90
0.361317871,84.13570746,1,92
0.248798675,84.42124108,0,86
0.14774096,80.9134174,0,68
0.32175501,87.06874482,0,86
0.244445073,81.81398096,0,76
0.035387489,74.22327497,0,62
0.733672076,71.27062326,1,82
0.456911176,80.46051223,0,72
0.054120881,81.76669543,0,102
0.60980891,76.32264712,0,68
0.141055084,87.57272569,1,78
0.132727673,80.62272867,0,92
0.565033306,78.68992525,1,64
0.770292509,70.81438652,0,86
0.343384225,86.5492956,0,84
0.607746339,72.83538866,1,66
0.190487272,84.64664418,0,96
0.766615541,75.52882099,1,42
0.590698556,80.74215701,0,74
0.093474902,82.78091744,0,76
0.700186549,81.74001816,0,74
0.782374633,72.20232668,1,56
0.691506174,77.88466378,0,110
0.773310253,73.47054979,1,68
0.104077958,87.09957344,0,90
0.315460224,84.11081619,0,82
0.852623044,65.2135852,1,60
0.78912997,68.73189835,1,90
0.09590657,83.34239556,0,70
0.798201795,70.7169973,1,90
0.455792369,88.25834701,1,88
0.352502069,75.64961566,1,78
0.067909912,72.34670981,0,58
0.12498829,82.7100695,1,94
0.282753083,87.88265385,0,90
0.72554278,84.59799594,0,92
0.85717016,67.0720441,1,70
0.33087713,85.62566335,1,70
0.859579583,67.78678924,1,70
0.039948867,73.65555366,0,88
0.017096367,68.21291501,0,60
0.756452345,69.80134842,1,90
0.294424563,85.48140782,1,80
0.536249204,89.76782201,0,96
0.129647402,82.81975617,0,72
0.414276716,80.16254757,1,64
0.323148037,83.43851252,0,78
0.687468585,77.66049622,1,68
0.36247436,88.03217159,0,110
0.681708011,76.79696563,1,92
0.100783666,79.0695169,0,80
0.283110253,85.12462746,1,96
0.115183131,82.69253502,1,82
0.309311942,83.7895053,0,72
0.238610905,83.32864742,1,90
0.083472714,74.28130106,0,58
0.760623365,69.85520831,1,50
0.79569176,78.70901964,1,70
0.780659631,70.40057785,1,62
0.033187806,77.52307389,0,76
0.402306705,82.67985347,1,78
0.570039777,79.86025462,1,82
0.312255222,82.10520557,0,80
0.135915727,92.32597032,1,100
0.752835161,70.35206739,1,72
0.767594038,78.77256563,0,68
0.225943962,89.18469144,0,96
0.036766845,78.73799792,0,74
0.014411383,66.44337934,0,80
0.825731154,68.27613271,1,68
0.70662181,81.42766327,0,100
0.281548756,81.46886074,1,80
0.127127742,86.88031945,0,78
0.757863226,71.36725526,1,20
0.527920408,80.8907699,0,88
0.387121157,80.64475052,0,78
0.557250851,80.6158217,0,82
0.776906922,73.6393932,1,72
0.738917638,71.67204327,1,62
0.336969737,79.89797364,0,90
0.720805981,68.42536444,1,70
0.706865941,71.80398489,1,70
0.850579765,75.71085951,0,92
0.319083951,87.09158135,1,96
0.05096115,74.1419751,0,80
0.133742307,79.93314551,0,76
0.874469397,74.58653218,1,72
0.144784878,77.89365435,0,88
0.302689645,88.03705131,1,106
0.821787022,71.2247122,1,68
0.695031678,84.40560982,0,76
0.672603877,74.82222363,1,60
0.798618026,71.45085216,1,84
0.792113016,70.54800295,1,78
0.810449904,78.24755405,0,60
0.320626089,72.52349114,1,76
0.830906741,64.91777048,1,76
0.267958166,78.0891586,1,116
0.771952582,73.19560505,1,70
0.045818453,79.11470019,0,70
0.231303765,83.27286567,0,66
0.033809166,75.88807442,0,100
0.050758495,71.81440847,0,78
0.028154954,75.46464353,0,80
0.104810643,84.94787701,0,82
0.067206303,81.87870247,0,100
0.527234764,81.00227301,1,80
0.856701092,77.41701403,0,70
0.231290738,85.01232392,1,100
0.710113485,73.14356649,1,74
0.54781303,81.53896444,1,84
0.337185633,83.73456132,0,84
0.068504886,70.8487114,0,78
0.723476527,65.93977946,1,86
0.094938976,79.09662957,0,86
0.129077239,81.35522613,0,90
0.149330494,82.05347767,0,90
0.786291099,66.2800241,1,76
0.434400043,88.15203532,0,88
0.729240427,77.16467431,0,70
0.102292126,82.85950665,1,80
0.118205652,76.56955449,0,82
0.307578231,85.17761806,0,68
0.141862038,81.56130059,0,94
0.129903931,81.71353298,0,90
0.012927733,70.94358192,0,84
0.144855,78.03683171,0,74
0.865799897,73.24009738,0,92
0.465090202,77.2776425,1,58
0.275411709,83.86430803,1,88
0.16912552,82.06966429,0,82
0.110624715,79.62693673,0,90
0.722677777,76.87627286,0,90
0.797275439,69.60752142,1,70
0.495946408,74.92432249,1,60
0.686830311,73.28552598,1,68
0.508934995,81.26508103,1,94
0.203635112,85.89178195,1,82
0.128350988,85.2244748,0,60
0.480954048,85.91429248,0,98
0.765493093,69.36806107,1,70
0.786750208,65.87825913,1,84
0.110117354,84.91209683,0,88
0.248926889,85.53294944,0,82
0.157528224,82.97069586,0,94
0.454091818,78.89180386,1,70
0.072176503,78.39634735,0,80
0.855603157,70.67229879,1,92
0.716411257,78.52903499,1,82
0.71925759,78.39335118,1,72
0.413033891,73.56556988,1,68
0.24453832,84.73198834,0,86
0.827238486,72.83888287,0,88
0.575600354,76.5229464,1,94
0.704640459,71.00650788,1,66
0.071224373,79.81824527,0,84
0.66401441,76.01880912,1,52
0.687068343,82.35031987,1,84
0.093536501,79.8488423,0,72
0.728353588,82.10514768,0,88
0.021737397,66.381036,0,78
0.84983113,75.34344533,0,56
0.301338693,83.37114858,0,70
0.780870934,72.48357622,1,54
0.740626345,73.78395301,1,90
0.244011515,87.63740035,0,70
0.541895058,79.97946492,1,88
0.174845373,76.72742856,1,74
0.020361177,77.58224043,0,80
0.229098584,92.5032799,1,108
0.576535777,78.60231721,0,82
0.081142561,83.85245738,0,82
0.68749266,68.29942552,1,90
0.027364143,73.53619479,0,76
0.176917178,88.69018983,0,74
0.551326415,77.11893633,1,86
0.076453722,77.53076086,0,78
0.058529256,71.90418819,0,24
0.567041392,75.80997744,0,92
0.01826596,73.86378797,0,114
0.860627772,69.61992789,1,80
0.106844611,88.66486957,0,82
0.860272452,73.64858094,0,62
0.160917833,81.98390048,0,106
0.494999161,82.55183425,1,50
0.095690811,87.13883981,0,96
0.819692439,72.50355806,1,64
0.793394473,70.89616295,1,76
0.695078498,74.34981956,1,76
0.227876533,85.90198069,0,88
0.161119448,84.92156747,0,66
0.676680689,79.32275735,1,52
0.615882959,78.9620966,1,64
0.237357162,82.10184617,0,98
0.697203807,75.58480088,1,66
0.841668954,66.7435406,1,70
0.222240602,80.45668218,1,86
0.0487318,69.29087566,0,52
0.716814868,76.1123059,1,88
0.447787501,81.82789224,1,72
0.491868753,90.31543892,0,86
0.705911932,74.16763557,1,88
0.314515513,89.04777057,0,86
0.073091442,86.70783775,0,72
0.307339961,86.10537404,1,78
0.197138568,85.47736958,0,80
0.066390676,86.46750163,0,92
0.462140774,86.53730388,0,58
0.552644685,78.0586875,0,76
0.034383688,73.11592581,0,72
0.250433692,87.40044243,0,88
0.666427538,81.75205372,0,100
0.308522758,87.07815606,1,52
0.405639738,81.77921349,1,86
0.154829272,85.02895805,0,78
0.498013821,83.46800232,0,82
0.158589549,81.99821504,0,80
0.041753905,82.75770251,0,72
0.21145513,80.73452036,1,80
0.044386242,86.7908362,0,98
0.370602345,85.61276007,1,68
0.114934788,85.1871241,0,98
0.553273819,83.43041273,1,66
0.837160373,69.57833933,1,78
0.021254906,70.29195755,0,64
0.010454955,70.25380258,0,68
0.200946438,87.59139427,0,100
0.661879215,81.59419481,1,100
0.113523772,83.86228215,0,84
0.799017684,77.01994156,1,66
0.429406213,84.31413942,0,86
0.193308608,74.66642662,0,84
0.226638313,91.06143651,0,88
0.252756073,86.48440879,0,94
0.099225954,81.08702579,0,92
0.025860212,71.67296071,0,64
0.077938511,80.49353928,0,82
0.063622148,83.99217864,0,84
0.723582599,72.59211453,1,74
0.656713155,74.80669418,1,90
0.744915193,76.05079198,1,78
0.293826245,83.03428685,0,76
0.261556882,88.58420547,1,86
0.096325932,88.08613398,0,60
0.719607886,73.61328001,1,68
0.083259812,81.70424596,0,90
0.858923301,77.539894,0,72
0.775133539,79.81757896,1,86
0.065588196,75.52849681,0,68
0.446223504,80.39868808,0,80
0.075486717,87.27982258,0,80
0.544197146,78.37074818,1,78
0.094423244,78.98298958,0,62
0.091869402,87.12319303,0,104
0.111708255,83.11846202,0,78
0.483118007,83.83571648,1,82
0.107609626,76.46724502,0,90
0.664394396,80.34298294,1,40
0.475780769,84.20252172,0,98
0.766994339,78.40150144,0,82
0.505525584,79.58022908,1,44
0.239423477,85.40351186,0,86
0.062718691,78.86341534,0,72
0.126048367,78.06454018,0,74
0.503502371,81.27473362,0,90
0.275910203,77.74637694,1,84
0.656280394,72.51819136,1,72
0.060145047,82.65887978,0,84
0.86042304,66.56162437,1,80
0.386884169,80.36432698,0,90
0.828266678,75.03347636,1,80
0.014531065,83.37584079,0,74
0.643499835,77.24759295,1,80
0.539414336,75.02732831,0,68
0.651207342,72.17585127,1,84
0.642268599,76.21152765,1,98
0.470375389,78.73679988,1,72
0.141861948,78.44829915,0,76
0.756132533,76.91743307,1,74
0.717381655,71.31767034,1,72
0.809151219,70.08363841,1,62
0.629810484,72.21799139,1,88
0.555176189,83.86638899,1,90
0.106725204,87.67693505,0,74
0.040866562,80.70644186,0,58
0.648069247,84.44592115,1,88
0.032438837,74.93550157,0,80
0.457536485,85.11627395,0,86
0.150698672,82.14350938,0,84
0.158725352,84.8903945,0,82
0.656981844,79.05719345,0,78
0.368551682,81.77674335,1,96
0.6035576,78.60578347,1,72
0.734933872,80.19726782,0,68
0.861214535,72.38032409,1,70
0.452436031,78.21208365,1,78
0.735732748,71.76250303,1,64
0.763845261,79.22183988,0,72
0.588713,75.96721193,1,72
0.118690721,87.74920409,0,68
0.206095816,87.94786578,0,86
0.339957866,85.36152285,0,80
0.173726389,85.67914939,0,74
0.751193133,78.18360039,1,90
0.020633144,72.19837371,0,66
0.164790451,77.0212229,0,76
0.755235338,69.77898963,1,54
0.648551158,75.06448851,1,74
0.828406596,73.31141724,1,68
0.18911286,81.63099173,1,94
0.167040876,87.68051291,0,108
0.548050085,80.09984178,1,60
0.027214741,69.18597808,0,82
0.164279642,83.47687469,0,80
0.855789055,64.60910432,1,62
0.164930721,83.30025435,0,94
0.833694121,66.58546344,1,72
0.664669748,74.39051305,1,82
0.66479663,80.37169473,0,88
0.776124318,75.59638859,0,80
0.165229411,83.56348683,0,102
0.569869931,85.21967234,0,90
0.494843561,80.61626662,0,84
0.821654966,79.20440201,0,86
0.574687286,80.10388949,1,90
0.714711583,81.80210431,0,92
0.817364675,65.65164669,1,84
0.156026317,82.04102703,1,74
0.689132294,85.26322177,0,80
0.844690736,74.52614835,0,84
0.527161489,76.95084057,1,90
0.660673661,82.85183869,1,96
0.072446624,79.5508396,0,84
0.52223607,86.61972388,0,100
0.409997369,81.55210295,1,88
0.624441757,74.2014445,1,76
0.041132809,71.71633906,0,72
0.239741812,84.83624362,0,90
0.877722827,71.67951508,1,60
0.439545159,85.94272301,1,72
0.033267812,84.53443855,0,82
0.606323239,76.4406192,1,70
0.197843016,81.49788286,0,84
0.785176168,72.03462163,1,84
0.850875006,62.66065142,1,90
0.761236639,68.82218278,1,74
0.098581839,69.67042871,0,70
0.220326627,80.09468887,0,94
0.718545281,69.06840565,1,60
0.132548095,80.88736664,0,82
0.636456676,82.53954961,1,90
0.482608727,83.67040525,1,70
0.441511266,78.00919717,0,80
0.546348615,82.35778596,1,84
0.730805296,77.76317322,1,46
0.149861863,87.22250862,0,88
0.116369511,82.02449244,0,100
0.576132458,77.0889952,1,86
0.359353481,84.91219611,1,68
0.057685194,68.84657073,0,60
0.559215062,87.5196055,0,84
0.799548806,65.97845795,1,52
0.137268029,83.37925067,0,74
0.655084395,69.47553334,1,86
0.101149543,80.34203494,1,50
0.019522936,65.74116476,0,50
0.211646396,75.72512302,0,80
0.47244896,78.5367274,1,92
0.029964043,74.99612596,0,84
0.222753036,82.56632523,0,68
0.249220175,83.64323359,0,72
0.677283565,71.41026737,1,68
0.279388705,80.10381402,0,100
0.774302216,68.47827938,1,58
0.625632894,78.64817367,1,78
0.467754153,78.49222923,1,76
0.631974864,76.32482212,0,86
0.60212431,77.31652816,1,62
0.195280865,80.66863778,0,92
0.166982766,83.10688771,0,90
0.619406896,78.39359003,1,78
0.103899942,76.22613176,0,72
0.829240788,72.95831085,1,70
0.077027454,85.86700225,0,88
0.212576827,85.29472717,0,86
0.073199639,73.66316928,1,84
0.419013113,83.05007256,1,82
0.603363422,73.04139017,1,80
0.114443244,75.21607473,0,84
0.519860726,80.61492612,1,78
0.339216913,80.01100555,0,94
0.38898314,83.7059404,0,108
0.304663636,85.8765931,1,68
0.082382357,81.27389729,0,88
0.404185069,82.72831027,0,70
0.486746809,83.47422875,0,82
0.793055178,72.80463642,1,80
0.468330507,79.6362855,1,86
0.584051508,79.01082812,1,58
0.64714258,82.46009306,0,70
0.332840751,83.02332547,1,110
0.709276616,83.50805546,0,86
0.223416354,81.88513806,0,80
0.555673633,79.82133184,1,84
0.383858763,86.42287607,0,72
0.557525926,79.4802887,1,82
0.055515814,80.5784994,0,68
0.07688978,83.86652618,0,64
0.082460804,75.01250348,0,76
0.074462532,76.34612274,0,76
0.749741462,72.78493063,1,76
0.22565774,88.1252557,0,98
0.033665131,72.12803467,0,80
0.536513705,83.3851057,0,62
0.105819463,87.43508992,0,78
0.010189834,78.39582472,0,90
0.644103886,83.0522401,1,66
0.144079234,79.09115713,0,80
0.654825375,74.49356745,1,76
0.036098988,69.15622367,0,88
0.710982502,75.01832272,1,80
0.461801806,88.53129794,0,88
0.830403931,76.6639305,1,80
0.119447603,84.88019503,0,80
0.21093251,91.92288247,0,110
0.266183417,81.61782407,1,86
0.225875625,84.83327237,0,78
0.020215304,67.07403542,0,54
0.015229133,68.42075266,0,70
0.689720184,75.53699206,0,76
0.067036891,76.19187468,0,80
0.332140113,81.21105358,1,112
0.308584411,82.25753614,0,78
0.443104329,82.0264864,0,84
0.0534244,72.20916211,0,60
0.379625471,83.84027661,1,98
0.533634914,79.26542408,1,68
0.1148602,82.43021464,0,84
0.673674609,77.22921933,1,64
0.613175227,68.60493308,1,76
0.116095015,88.93105934,0,84
0.610153863,79.4738893,1,66
0.409390423,88.645434,0,74
0.082198585,81.45459422,0,112
0.171227388,83.56358596,0,102
0.048856586,72.82048537,0,68
0.120995075,79.80170966,0,82
0.49202644,83.6034416,0,90
0.053063319,70.61582779,0,72
0.803659313,72.83647795,1,72
0.13375537,85.4002155,0,80
0.392286818,85.45951856,0,80
0.194679193,82.54645117,1,78
0.590906523,79.76952314,1,66
0.009222157,79.24800449,0,76
0.252705649,83.20584212,0,84
0.713723247,66.73408507,1,68
0.481219547,81.01166945,1,88
0.347542055,82.41159313,1,84
0.776056323,85.33624345,0,106
0.312725977,82.49982398,0,80
0.055398054,77.79278263,0,104
0.880209609,66.90316681,1,72
0.216142765,85.99464303,0,98
0.121804189,80.85389849,0,80
0.262944878,82.94546398,0,92
0.702625036,84.05566768,0,78
0.260573074,80.51613071,0,76
0.457548762,77.5613404,0,74
0.293708205,85.43673444,0,80
0.123060061,92.81210068,0,106
0.687927629,78.26567058,1,86
0.414151479,80.40835923,0,76
0.235638955,87.1713013,1,82
0.506625208,74.82492995,1,62
0.260358141,89.23512369,0,86
0.672324974,82.55789727,0,98
0.652788036,84.52410973,1,88
0.336561037,83.45845084,0,80
0.758836658,85.0209632,1,64
0.348183728,80.09250354,0,50
0.181417149,87.09699738,0,98
0.078410638,87.59478834,0,92
0.027419046,79.28728925,0,70
0.716799506,77.20663269,1,100
0.013979271,67.09648273,0,70
0.165838956,86.17118236,0,98
0.206618267,81.69103018,0,80
0.01291708,67.69274094,0,62
0.120368232,87.85673508,0,80
0.537944105,80.77896555,1,76
0.177473902,87.09957576,0,90
0.066941255,82.05849558,0,70
0.753909005,72.89087247,1,60
0.147017814,80.3275142,0,66
0.748205321,75.15214973,1,82
0.617817581,82.22412343,0,78
0.09577905,76.18507394,1,86
0.124929465,82.03943769,0,82
0.151625524,86.65188896,1,76
0.50372388,80.64679105,0,70
0.588188932,77.54561276,0,82
0.83435462,65.9828904,1,58
0.59583595,88.11394746,0,76
0.033239931,71.56886031,0,78
0.249484567,89.70147227,1,88
0.132379062,78.45147952,0,70
0.510347661,77.40715755,0,92
0.616694753,72.69836373,1,70
0.335430237,89.59012263,0,68
0.293277424,83.70095986,1,80
0.073406342,78.55062993,0,76
0.340140832,85.25263549,0,84
0.045646259,80.12681774,0,90
0.210316073,87.85430023,0,76
0.598509576,87.76321075,0,72
0.044301019,70.11945097,0,70
0.768559231,85.08183395,0,108
0.064652396,83.93100497,0,78
0.330315653,84.9374539,0,102
0.533854848,82.88048558,1,80
0.073585006,77.02827804,0,74
0.146189982,73.22917599,1,88
0.590378784,65.19619795,1,70
0.041477939,72.69996677,0,70
0.656759935,75.53147976,1,80
0.346052659,74.3310193,0,70
0.281585697,87.67133953,1,90
0.433284244,85.63155136,1,78
0.233433956,90.45659214,0,106
0.818996937,75.07570046,1,54
0.745977964,68.63050766,1,66
0.649714585,78.68388791,1,100
0.653121105,76.59684012,1,74
0.435921129,81.73486215,0,84
0.254355059,88.83300993,0,82
0.726380263,73.38504154,0,66
0.211742704,87.62470288,0,78
0.814349755,68.8622102,1,70
0.714948021,78.09823259,1,70
0.302810226,89.86587833,0,82
0.660360664,74.79545486,1,80
0.10583078,81.02134779,0,86
0.021647025,74.4373435,0,78
0.059072759,77.85673731,0,98
0.069688409,75.59786813,0,88
0.677990498,82.68823638,0,108
0.111619524,82.8410461,0,70
0.150771098,79.12583717,0,90
0.505396799,81.44055042,1,82
0.163252995,90.46685036,0,66
0.25278111,93.88027923,0,78
0.05181149,75.46214109,0,86
0.141672258,83.76244439,1,76
0.029635537,71.27444256,1,86
0.060697329,72.30509242,0,82
0.857980745,73.01924115,0,76
0.383377009,80.01512838,1,84
0.089005788,82.29202499,0,78
0.288566791,79.32943795,0,84
0.363785992,81.69005866,1,78
0.397036878,81.27159412,0,88
0.108145405,82.63301001,0,100
0.574317742,80.53710267,1,76
0.369811825,84.51861098,1,78
0.123195438,79.92732839,0,96
0.745327364,70.71536556,1,68
0.285726261,85.40017442,0,98
0.102772732,90.02576986,0,70
0.126735397,81.99476535,0,90
0.328480786,85.53144999,1,76
0.068358683,77.26274479,0,76
0.742515242,73.71527985,1,64
0.200617948,78.54664669,0,80
0.285764048,85.11482893,0,94
0.794854124,69.65314386,1,60
0.263864859,85.93812792,0,100
0.178603252,83.61039384,0,76
0.195664205,86.89434296,0,82
0.082080713,93.94613608,0,96
0.746408014,79.50175838,1,76
0.751992564,77.57760994,1,78
0.167711023,83.52809378,0,72
0.349065109,82.74924677,1,88
0.080930553,81.12586338,0,98
0.652856291,84.05657862,0,76
0.800802062,69.06656899,1,70
0.171843873,86.7298496,1,90
0.550148515,83.44590035,0,76
0.130137429,74.59445495,0,90
0.751442653,71.96295142,1,64
0.862384972,73.10650121,0,48
0.648847813,82.02464767,0,0
0.777063523,70.28901362,1,88
0.380427895,84.95235314,0,74
0.757809862,76.24347096,1,84
0.724291623,71.15975841,1,70
0.83631764,70.89025163,1,78
0.128506748,75.37599452,0,84
0.162098455,83.28973117,0,88
0.378329003,84.64105379,1,80
0.045412783,85.34107803,0,88
0.016496663,72.72983751,0,74
0.090644361,81.76447054,0,70
0.232219377,82.95299828,0,92
0.144190326,84.92540044,1,90
0.284124511,83.1083241,0,80
0.528805783,80.10126479,1,74
0.595087566,85.68757619,1,110
0.843948623,66.64229264,1,54
0.060358895,77.42423101,0,74
0.479699659,74.90122747,1,86
0.390348666,78.61595877,1,92
0.713993877,71.38369892,1,76
0.358629006,86.65241809,1,74
0.316839464,80.42362568,1,80
0.649989696,74.87961491,1,80
0.196415969,83.21913246,0,74
0.234497394,85.9229284,0,60
0.374592528,84.03014997,1,82
0.776818773,77.80040257,1,84
0.75714184,71.68655798,1,74
0.393612874,88.86140582,0,88
0.119948347,79.84027783,0,82
0.170506398,88.28929327,0,80
0.765761851,75.32167564,1,50
0.051355957,79.74264012,0,92
0.638943757,76.94481115,0,80
0.07939476,75.46015981,0,88
0.719139608,87.1162546,0,72
0.39304727,82.76101863,1,66
0.052987159,81.4022734,0,84
0.077759103,78.80273971,0,72
0.280769805,88.30254365,0,96
0.168404749,85.89394391,0,96
0.830807395,76.92572219,0,76
0.825222799,77.55074828,0,90
0.042289309,87.33717086,0,94
0.530972006,79.05743079,1,72
0.053864698,70.0487979,0,66
0.108121361,80.86348284,0,82
0.475556119,82.83874146,1,88
0.169010848,82.04462734,0,88
0.627012972,78.35220453,1,70
0.429782667,82.97236184,0,78
0.425295314,77.51737897,1,90
0.577760526,81.3877908,0,72
0.022401255,80.62331825,0,86
0.795392656,69.76793558,1,76
0.270009778,84.58050494,0,98
0.687863658,73.46168594,1,62
0.190213614,89.44609852,0,80
0.547005502,80.99786157,0,72
0.557920978,82.74550023,0,76
0.133710416,86.17155855,0,96
0.338076781,89.79496072,1,62
0.37584016,87.45086449,1,82
0.259097957,84.6285033,0,74
0.038577926,80.06592327,0,80
0.73338642,72.89182135,1,72
0.131463383,86.77798378,0,70
0.560723293,82.17392271,1,76
0.123548096,75.95137616,0,82
0.832447475,71.01945001,1,74
0.082631588,78.41424662,0,72
0.853700837,72.61327987,1,78
0.213830594,80.13044496,1,116
0.049910218,77.16250611,0,102
0.136255017,76.73434756,0,92
0.097058354,86.21168559,0,86
0.431291934,86.61023816,0,80
0.251247427,86.79762753,1,94
0.009310703,68.7965458,0,68
0.39468583,85.7101346,0,92
0.141603581,79.54371212,0,88
0.427220779,83.41292822,1,64
0.197190348,80.40769766,0,76
0.798751741,72.55217078,1,74
0.694356153,77.10829281,1,88
0.564865205,77.44340477,0,88
0.149884399,83.52759845,0,102
0.691822695,77.76721424,1,84
0.358149161,77.32188133,1,80
0.152026614,80.10030931,0,78
0.765299897,77.28371617,1,90
0.466854137,87.62899259,1,80
0.712535139,76.38968758,1,64
0.286346225,89.08927359,0,100
0.083485163,91.50655547,0,92
0.303892708,83.73670042,1,78
0.531113225,85.61538338,0,76
0.233066874,84.52948652,0,86
0.286717957,88.79421338,1,94
0.142590538,82.44580626,0,76
0.173821938,81.14950713,0,98
0.375193672,89.3333836,0,90
0.568228638,80.45680045,0,78
0.634371278,79.99481829,0,90
0.225201045,81.81773266,1,92
0.630837014,75.20909785,0,64
0.470497757,79.86097454,1,98
0.767137473,75.99831308,0,92
0.416148233,87.34172266,0,94
0.070514398,78.07909166,0,84
0.068961949,76.55938495,0,102
0.491617612,85.92791025,1,84
0.584216406,84.87074213,1,104
0.263964908,86.07386163,0,98
0.784724544,67.30844436,1,66
0.234797226,87.76650326,0,86
0.462819597,78.1963869,1,94
0.700913758,84.39938563,0,96
0.755505812,67.99893619,1,76
0.037836788,67.80999609,0,68
0.414726949,87.46788458,0,110
0.77532453,72.35148547,1,78
0.060440954,78.41255998,0,72
0.827698492,81.04415855,0,54
0.135149668,78.64566257,0,78
0.098851596,86.35171054,0,88
0.033400848,74.68665633,0,74
0.795995247,84.39704375,0,104
0.523289691,84.07765131,0,100
0.138295033,86.88146726,0,94
0.641584866,82.82757978,1,78
0.545994047,88.33594214,1,88
0.822633708,72.42704905,0,74
0.095276165,82.05611836,0,78
0.661414986,77.47680718,1,72
0.125365114,75.16594445,0,60
0.160469143,79.35419456,0,80
0.740626745,71.7032991,1,74
0.481640045,81.6185087,1,58
0.322570164,85.15602482,1,86
0.730174758,75.94767666,1,84
0.805550614,70.63389422,1,64
0.552649053,81.70364885,0,82
0.445900223,82.72006903,1,76
0.155417346,82.3972283,0,72
0.135992229,85.40023038,1,82
0.623064958,75.56351432,1,102
0.035050119,79.43561074,0,86
0.508855292,80.86846707,0,84
0.630014209,70.77672005,1,48
0.119562908,79.07945287,0,80
0.575648289,87.53873197,0,100
0.807814574,74.95637793,1,82
0.168799911,83.20182197,0,92
0.136784517,87.1750571,0,84
0.230981313,84.23353084,0,120
0.242972628,82.51401743,0,96
0.079668193,87.95083594,0,64
0.747126907,78.39963683,1,72
0.173254788,85.2545698,0,84
0.030503242,71.03052668,0,74
0.061095881,83.01120095,0,104
0.815614396,64.4945437,1,52
0.363912919,84.78966492,1,88
0.441109213,81.57570502,1,96
0.673538224,72.48105594,1,60
0.054249582,70.22400314,0,58
0.601623544,75.68008414,1,72
0.014282248,67.11829987,0,64
0.051096315,73.50903535,0,78
0.27009854,84.93205311,0,92
0.230392996,83.32606633,0,80
0.163319814,85.92830975,0,72
0.410298575,82.52085812,0,90
0.625517397,75.55103518,1,70
0.778697644,75.29670581,1,92
0.568186396,83.21101636,1,90
0.479140333,77.16965163,1,98
0.730343549,78.85382537,0,92
0.468164,82.68694074,0,78
0.483956753,84.79597922,1,76
0.425446213,84.72670334,1,82
0.69968506,76.83002854,1,86
0.458080597,89.43113818,0,86
0.204533006,82.14379921,0,98
0.713024225,74.89603878,1,84
0.246524747,87.49074854,0,76
0.140445958,91.47052713,0,98
0.130675993,82.5992883,0,44
0.087816048,78.82137633,0,104
0.052835688,76.72068118,0,70
0.07211164,76.47317588,0,92
0.864290439,71.78201042,0,60
0.408876853,85.87953217,0,84
0.301797799,80.70781147,0,88
0.560583187,81.42486306,0,68
0.790922625,69.38138499,1,78
0.024108687,79.89707148,0,70
0.622863251,82.38476831,0,94
0.669752537,74.26791526,1,94
0.156726417,87.21380871,0,88
0.532514001,78.21025784,1,68
0.365975293,79.21550838,0,72
0.812172364,67.54054456,1,72
0.494871336,78.9847899,0,90
0.744426992,74.5498419,1,76
0.761114557,81.09608269,0,82
0.22836857,79.70804507,0,82
0.21111333,86.95928073,0,88
0.029007691,71.60583045,0,88
0.368081645,85.50814196,0,86
0.124904247,79.48633996,0,88
0.747133735,66.93807252,1,76
0.648225342,76.58923933,1,94
0.82649901,70.7118312,1,74
0.174436214,85.15887336,0,70
0.909851106,79.8126682,0,88
0.733644807,77.10655671,0,88
0.076140804,84.88462192,0,72
0.084134864,79.25468133,0,62
0.091750576,77.96176815,0,58
0.089552534,79.63605785,0,62
0.697761772,69.71904471,1,70
0.14139213,85.89460965,0,108
0.106236866,86.94119087,0,90
0.392083483,85.55844297,0,90
0.034165899,68.48845118,0,64
0.313546587,88.87873276,0,84
0.018378246,68.32139114,0,56
0.623153604,79.26014385,1,74
0.803183539,71.61877532,1,102
0.155393718,78.86231735,1,76
0.519642058,75.88189182,1,66
0.117443612,81.20347667,0,84
0.151404603,85.64386074,0,90
0.810054608,76.25562657,1,96
0.029265518,81.86231422,0,70
0.246995964,79.38800311,0,80
0.515231509,80.06571007,0,108
0.069075871,86.10847481,0,88
0.729364463,74.29801805,1,80
0.03720313,77.78202444,0,82
0.082736285,71.36747297,0,62
0.052344064,72.54033191,0,80
0.124661173,82.16328649,0,90
0.169966911,81.54473389,1,78
0.719204646,75.33947384,1,58
0.161667836,83.97508283,1,102
0.539450092,76.08277476,1,86
0.468599005,80.66525666,0,80
0.215903816,84.58768043,0,88
0.078102426,70.52312913,0,68
0.614554123,84.51462795,1,78
0.631197662,75.58670901,1,70
0.510153048,79.57772041,1,72
0.047124555,78.50478462,0,86
0.242737579,82.13797607,0,68
0.512070736,82.05941947,1,90
0.393625332,82.74838527,0,80
0.191246308,88.62943922,0,98
0.693457507,75.75665807,1,84
0.312639608,84.48380321,0,66
0.146104412,82.84545142,0,72
0.695136281,78.30489984,1,74
0.634019059,63.37802142,0,82
0.259533414,77.9472012,0,80
0.69961977,76.54116855,1,104
0.031079027,82.53392041,0,92
0.676045573,72.57008364,1,66
0.043635661,76.23185446,0,74
0.719261748,72.60493696,1,90
0.004741013,81.39728558,0,98
0.26308623,78.16762147,0,80
0.36498403,85.09441751,0,92
0.476321803,78.44123867,1,68
0.914167925,80.78483591,0,66
0.233408082,83.80108045,1,84
0.128493705,86.3815973,0,78
0.048217893,78.21230156,0,58
0.021110633,66.30933879,0,76
0.625165374,82.62079209,1,78
0.102150267,78.87687187,0,72
0.751912059,74.72193715,0,46
0.507927848,82.86795244,0,76
0.16776438,82.19512952,0,74
0.121075437,85.27652071,0,80
0.190573302,80.63439777,0,110
0.070495251,72.73801289,0,100
0.830979525,64.7035203,1,60
0.130644871,87.35707076,0,76
0.271473909,82.18970069,0,80
0.404428388,75.89100676,1,120
0.326952231,86.53720057,0,72
0.164777569,86.32993529,1,84
0.528067447,74.99179382,0,84
0.215856108,84.92165465,0,90
0.224151743,90.66634962,0,80
0.138765461,82.01056152,0,88
0.627666869,74.5180653,1,76
0.817222998,73.4065762,0,100
0.123097422,85.13035868,1,100
0.857770161,62.87072805,1,74
0.053313413,77.13826218,0,78
0.102500664,81.98118735,0,90
0.648111667,77.84572814,1,82
0.232635091,87.42998359,1,68
0.355949342,81.03684682,0,84
0.620530491,78.67706007,1,96
0.460525087,78.27578571,0,84
0.794756804,70.41608902,1,52
0.872318597,68.34929032,1,66
0.684823923,73.92550158,1,54
0.14598105,80.82894148,0,80
0.783083509,83.16547794,0,84
0.377594016,78.0669805,1,98
0.091298919,71.47873586,0,78
0.241017706,84.74944509,0,80
0.789005834,69.51317962,1,78
0.367903077,85.55882039,0,100
0.055952998,78.21812023,0,68
0.406716035,83.74459852,1,88
0.510642528,80.57968008,0,104
0.464319068,82.46273135,0,70
0.708867232,72.71045573,1,72
0.039296328,67.54256764,0,56
0.040518696,84.12497285,0,78
0.016967362,67.26850636,0,82
0.865232965,77.7185338,0,68
0.19976658,83.68350743,0,88
0.323967841,88.97626734,0,110
0.017777366,65.69500105,0,104
0.397986316,81.57863589,1,86
0.698840402,77.46086622,0,90
0.035570813,67.61784314,0,88
0.029525712,65.07420571,0,64
0.131279593,88.01900278,0,96
0.552555255,71.46854911,1,82
0.710980005,71.20396503,1,68
0.194457376,79.96670448,1,94
0.375851948,79.36553781,0,94
0.754359555,87.69404798,0,110
0.311131366,83.21441059,0,98
0.767196058,77.8145903,1,82
0.722933784,78.78587029,1,92
0.851076349,72.12790696,0,100
0.031684929,72.3887014,0,76
0.813438858,74.42906733,1,78
0.507277371,79.25688623,0,80
0.670491593,82.05537071,0,76
0.128486586,80.10850816,1,100
0.089252751,75.0665557,0,72
0.635872271,85.05940561,0,76
0.583958469,72.58592236,1,64
0.105763324,83.52762842,0,82
0.027136658,69.00892333,0,68
0.555690481,77.33539737,0,94
0.74000718,79.77283624,0,88
0.458909315,84.0292617,0,84
0.013419908,73.37063402,0,68
0.603841858,78.62727354,0,68
0.119839754,82.16154614,0,82
0.714243104,72.7407639,1,74
0.063496009,69.44244061,0,78
0.550878745,81.20889472,1,90
0.671247393,76.22949738,1,64
0.671537672,73.91187597,1,78
0.715714553,72.86406946,1,78
0.255849148,86.12576457,0,102
0.776534356,72.6202425,1,80
0.403755647,82.65540031,0,84
0.037590462,74.38941081,0,64
0.733734269,80.56376651,0,86
0.225246498,83.25205251,0,82
0.361432474,76.41759867,1,100
0.190576851,86.32242179,0,92
0.588814508,76.80738681,1,72
0.067393126,81.14175252,0,84
0.791325798,74.4253157,1,94
0.029107577,82.13751017,0,84
0.484364239,87.00664983,1,80
0.791071639,76.97286298,1,58
0.817695842,70.05930219,1,60
0.418181623,87.33550272,0,80
0.35185335,84.05696375,1,88
0.266860358,87.51329735,0,100
0.137211212,81.00064623,0,78
0.453914745,86.15850442,0,114
0.572306626,78.31977226,1,70
0.101884704,75.89265477,0,84
0.025121766,71.62192421,0,56
0.545019363,79.26895609,1,82
0.506375361,77.6445652,1,74
0.612723974,82.17476184,0,70
0.644880164,74.68126243,1,76
0.531763689,81.6971582,0,76
0.557019508,79.09575385,1,86
0.165971882,87.57793122,0,90
0.034625524,76.49046667,0,92
0.15668053,78.99559894,0,64
0.079286958,77.45191232,0,74
0.745906023,72.73299732,1,62
0.08733191,87.22408787,0,70
0.203599454,77.1510337,1,40
0.173615856,83.13534844,0,72
0.653722666,82.59895578,0,64
0.127512347,91.29097276,0,126
0.429364278,74.40042728,1,92
0.655213031,73.96822413,1,92
0.54539468,74.14675576,0,88
0.467665932,76.87825247,1,84
0.664497907,82.30235198,1,86
0.541837761,81.46190864,1,84
0.742961413,74.31511684,0,82
0.751354576,70.74177572,1,62
0.482848896,86.48803915,0,90
0.267597709,83.04936585,0,88
0.051067349,76.27118705,0,82
0.041438489,71.5236824,0,68
0.667796899,78.12294603,1,70
0.176722048,85.25373155,0,90
0.029835887,77.98703936,0,78
0.708552562,74.55724345,1,68
0.059180651,67.83286074,0,64
0.037043987,79.96584579,0,88
0.692381398,75.94668023,1,70
0.0522825,74.76948552,0,80
0.541773724,83.78339697,0,80
0.739742053,72.68104836,0,62
0.398549122,86.75740208,1,80
0.561571948,70.23915008,1,68
0.763924594,73.52981981,1,72
0.834246641,71.53741954,1,72
0.646882137,74.89176183,1,76
0.362262193,82.3238678,0,74
0.145247428,85.06889977,0,62
0.162825191,84.1202111,1,88
0.281367129,87.54284888,0,112
0.066661484,73.42981626,0,72
0.202432966,83.4881556,0,92
0.709269834,80.04833783,1,84
0.695420346,75.09461394,1,78
0.813152062,76.06989287,0,80
0.067567229,71.03658268,0,70
0.096669312,74.83058864,0,90
0.066944282,82.38816046,0,90
0.819344159,65.75913124,1,76
0.260931906,87.11924078,1,96
0.646088611,81.93296384,1,80
0.242918485,75.63214912,0,80
0.834910698,70.91290402,1,84
0.815714435,71.48623612,1,68
0.580511142,83.79988484,1,78
0.475774662,77.304998,1,82
0.696592394,74.6048138,1,90
0.224281671,86.3139631,0,96
0.57113165,73.96962683,1,78
0.865149643,60.56637323,1,66
0.633946454,87.3448149,0,92
0.04970164,69.52559007,0,76
0.058667123,77.31766372,0,82
0.062073923,73.55223284,0,70
0.125923441,81.56841258,0,82
0.125579738,79.56895198,0,76
0.14659414,80.77747866,0,102
0.657293615,77.18215875,1,70
0.418100707,83.45317434,1,80
0.797870208,72.69111788,1,56
0.663882007,74.25921831,1,78
0.745153366,82.26938945,0,84
0.238667335,83.90061408,1,102
0.009969382,67.878172,0,52
0.396993305,82.78995652,0,66
0.086497133,85.56277119,0,88
0.620591518,80.12486251,0,84
0.509625146,82.29076778,0,78
0.544454681,90.04238002,0,76
0.241943768,83.36197933,1,98
0.080882222,73.77403625,0,94
0.305008247,85.63714024,1,90
0.592437386,79.82284303,1,80
0.516732164,79.22368562,1,90
0.153887343,84.34362582,1,98
0.070163136,82.69720485,0,88
0.649025744,86.55389145,0,104
0.080565098,83.42859415,0,74
0.689775201,76.80670254,1,92
0.156146713,79.91450802,0,110
0.081250729,73.52421007,0,72
0.420724062,80.21391324,0,84
0.067432181,71.22562938,0,56
0.546722033,72.7243704,1,90
0.443456557,82.08815166,0,74
0.392214528,83.40725646,1,86
0.511141199,83.17009997,0,80
0.806800298,71.82385245,1,62
0.619787798,81.87894924,1,78
0.488858363,83.63802546,0,96
0.565484128,77.22443403,0,88
0.795264642,73.77427998,0,80
0.230107761,80.9731084,0,78
0.188805351,81.48352453,0,78
0.536386074,77.1665625,1,82
0.549942351,79.57253524,1,108
0.380350092,85.36093165,1,76
0.568530962,80.82618921,0,104
0.058144167,81.45994267,0,72
0.246189375,89.36502661,0,88
0.172926301,83.94815376,0,72
0.014254765,74.99188538,0,72
0.158870908,81.63607674,0,86
0.21884904,80.18695817,0,96
0.482239117,81.71287541,1,90
0.059247401,83.85402261,0,84
0.194679986,82.31929124,0,88
0.694783292,75.99354687,1,70
0.393876801,85.47305904,0,84
0.427386602,75.71019555,0,88
0.038799645,67.71171916,0,60
0.117387937,79.41191583,0,68
0.194955021,89.6795103,0,62
0.486545442,78.67988828,1,92
0.086122566,79.80455293,0,74
0.45731752,75.58681976,0,62
0.144748516,76.48599995,0,76
0.502959713,81.16802233,0,78
0.392909206,74.65165305,1,90
0.021231428,73.15098437,0,76
0.639759498,78.33520251,0,88
0.603665848,73.39768284,1,74
0.335326625,82.05630951,0,74
0.874556203,70.75204025,1,52
0.693258572,72.98409276,1,96
0.640131743,76.19588257,1,64
0.040963258,71.76987716,0,92
0.046983371,82.47862003,0,82
0.497128201,87.2438054,1,82
0.137462946,81.04405019,1,68
0.079780171,84.72598424,0,100
0.31068036,82.65193721,0,70
0.780450261,87.37833743,0,94
0.177795545,76.81823309,0,70
0.801451065,71.60635184,1,60
0.530026686,81.01002779,0,80
0.055502584,77.98076651,0,94
0.430770239,89.63125043,0,104
0.699943025,74.81856084,1,78
0.636987538,83.83543573,1,86
0.78820108,67.88826235,1,78
0.027953518,76.024922,0,80
0.671818104,72.18860028,1,104
0.152617204,87.52738711,0,76
0.567907177,81.94478514,1,76
0.695278916,77.03052522,1,80
0.348279776,86.33391985,0,70
0.405482743,83.37403604,0,80
0.308302418,86.81237545,0,92
0.522364919,77.00535644,1,58
0.867851719,74.84934405,0,50
0.518855145,76.15470244,1,66
0.105352826,85.75329084,0,118
0.593230816,78.65395514,0,90
0.709229423,85.11863832,0,80
0.622152501,87.20027921,0,90
0.409075677,81.20925497,1,88
0.114437353,81.49251213,0,84
0.143800343,82.10767288,1,82
0.818172534,69.80302729,1,74
0.129657041,77.84773414,0,84
0.707129634,73.72964137,1,78
0.51244614,84.28006614,0,98
0.509243604,80.48948393,1,60
0.738776507,77.07973397,0,84
0.552997829,84.92896553,0,100
0.201059974,87.39993484,1,78
0.594584739,74.17306288,1,82
0.527351957,80.20281672,1,80
0.554939958,86.17721417,0,78
0.028818805,82.79337433,0,84
0.577566475,82.85375135,0,66
0.87221349,65.96881986,1,80
0.04630417,78.85685743,0,78
0.381964149,84.07668806,1,92
0.436005866,80.85067197,0,110
0.524581245,71.5026482,1,68
0.289794828,85.54192316,0,78
0.23608772,83.37123381,1,82
0.758011529,68.4346379,1,82
0.318842288,84.1058659,1,82
0.19638873,87.45471401,0,84
0.163525257,82.6717996,0,98
0.030146051,72.16269262,0,60
0.444189596,78.98023114,1,80
0.09715536,86.20214838,0,86
0.151969996,83.9806261,0,76
0.192140313,80.84927772,1,104
0.182712582,71.1548016,1,98
0.195750738,81.39233303,0,78
0.576859024,82.74206336,0,94
0.42894387,85.21770976,0,112
0.701971932,83.00607107,0,96
0.522320587,86.14337579,0,78
0.184581307,83.17223805,0,84
0.7968714,77.24302512,0,84
0.207832181,87.77585722,0,80
0.321983624,90.50269141,0,80
0.219774085,83.23295226,0,82
0.009068542,66.18983258,0,72
0.816808215,75.9646814,1,74
0.524931795,80.3881541,1,96
0.600817699,78.36147894,0,76
0.792848326,81.48055976,0,76
0.067785231,77.48628187,1,78
0.628763712,78.46819018,1,82
0.114116682,77.74825801,0,72
0.031655399,72.5181516,0,80
0.253113774,79.49750052,0,86
0.09452792,77.45226064,0,82
0.274296282,82.41582189,0,80
0.483039729,81.01925111,0,74
0.58475672,85.41244616,0,88
0.317977241,84.5617712,0,86
0.63321035,69.75268412,1,58
0.849312434,72.29737694,1,74
0.790137732,78.21557335,0,78
0.089609353,82.67636258,0,74
0.519585241,77.93434521,1,86
0.015949679,72.19124023,0,62
0.032497776,77.44180097,0,92
0.403546057,85.19123982,1,66
0.031029193,77.909981,0,78
0.748576188,71.41740531,1,76
0.107249263,89.52284337,1,74
0.29134452,79.38168936,0,78
0.469855706,76.8793556,0,84
0.515110777,72.87588161,1,80
0.625967154,73.56133617,1,78
0.766644126,78.81267612,1,80
0.784297543,82.00063076,0,46
0.753411347,71.28809038,0,64
0.505072035,76.87593333,0,80
0.019535181,72.24747131,0,62
0.056336962,75.78661955,0,74
0.041340779,79.22090618,0,88
0.230177725,77.63336478,0,90
0.296011427,86.55630592,1,106
0.572874784,79.47480326,1,0
0.825909151,77.36170149,0,58
0.310655486,86.76668381,0,90
0.25142626,88.49537285,0,82
0.199843686,81.63201016,0,76
0.282625995,82.77831155,0,84
0.856353045,64.24342055,1,62
0.741972948,74.84971364,1,68
0.034035498,69.03969832,0,78
0.179523905,85.83120401,0,74
0.856346978,69.49831008,1,64
0.758989646,77.44099713,1,82
0.836947227,76.6847857,1,66
0.200400198,81.60971966,1,156
0.229866548,81.29272487,0,92
0.811546991,72.23621522,1,76
0.271346369,84.50232507,0,80
0.390339151,84.45080746,1,94
0.265234086,81.88924757,1,74
0.523196139,78.69095754,1,78
0.715869997,71.72124406,1,66
0.118537647,77.30969115,0,62
0.088468047,83.81879107,0,74
0.076677987,69.48275546,0,62
0.212289692,87.52967335,1,68
0.833029848,77.23679104,0,74
0.572414353,78.34949308,1,84
0.597626902,83.43607001,0,86
0.072111929,86.02396267,0,80
0.813465642,72.57132726,1,78
0.608987116,73.95249374,1,84
0.511059545,80.97526173,1,92
0.224631878,89.00492989,0,96
0.793112759,77.71821201,0,84
0.778004198,84.79417353,0,110
0.847398535,67.64921089,1,68
0.615085001,81.96105032,1,82
0.721345694,82.23984935,1,90
0.063265432,82.74693267,0,88
0.115587682,81.05092954,0,98
0.071609513,73.76474147,0,52
0.015449546,67.45541652,0,58
0.550186864,81.66368006,0,80
0.68864945,74.5156002,1,64
0.175995603,88.16168326,0,98
0.721741796,77.67049191,1,74
0.812198737,71.34171166,1,74
0.1713484,83.15621866,0,92
0.265041533,74.32719936,0,102
0.497208395,77.40735315,1,78
0.03443517,77.22503795,0,80
0.570384381,74.11592777,1,84
0.150182643,82.73243691,0,74
0.174888801,85.27762222,1,64
0.063470349,83.96759948,0,82
0.476398921,89.68882891,1,76
0.376903306,82.52678266,0,92
0.088834126,77.44505309,0,76
0.693036229,77.96965105,1,90
0.044000736,74.73832279,0,86
0.036440224,81.00901836,0,96
0.743712184,80.05319156,1,72
0.59263504,78.98956202,0,84
0.360005664,84.63685376,1,66
0.702905944,76.24855604,1,78
0.742041267,76.30541219,0,98
0.095011127,78.24386323,0,58
0.077868866,71.41110789,0,82
0.595954739,74.01458214,1,76
0.037427038,78.55097556,0,82
0.072032614,82.23159172,0,74
0.215059742,83.56232926,0,90
0.528587678,79.88448816,1,72
0.042591039,79.61124184,0,62
0.669124331,80.19806132,1,72
0.532645577,73.47378573,1,72
0.751122496,75.12077251,1,82
0.618330171,79.18559558,0,76
0.800156,68.63281305,1,72
0.054162629,69.04834533,0,64
0.172815903,82.51332987,0,82
0.05326197,70.7289828,0,74
0.708008462,78.07051246,1,88
0.703715371,69.4576058,1,48
0.318376561,84.95366336,0,70
0.708691165,75.16483997,1,80
0.816134907,84.18550612,0,110
0.07005095,79.17723219,0,86
0.111256239,78.54022672,0,80
0.503908106,83.44723229,0,90
0.675192859,74.1093101,1,86
0.265767988,85.25860105,0,98
0.375435414,80.14584209,1,74
0.128732138,92.3099581,0,84
0.02723468,78.21673128,0,82
0.710044101,77.15097723,1,88
0.157617698,79.7479979,0,76
0.702961338,73.85193258,1,62
0.676881745,82.386087,0,76
0.811514383,78.79522895,0,108
0.279327691,81.14472125,1,68
0.234603809,82.65956626,0,70
0.117329892,82.05299717,0,92
0.772674114,70.20270879,1,70
0.092945594,81.97202419,0,76
0.03628037,69.85414098,0,64
0.071069667,81.9029547,0,72
0.65246967,74.16852462,1,74
0.104334589,91.64347802,0,88
0.757651972,70.00497983,1,74
0.863040811,77.9142207,1,68
0.21323237,83.10108386,0,80
0.075499283,80.09043467,0,80
0.121805601,84.51813471,0,100
0.828410743,67.19959101,1,64
0.359605778,86.80636665,0,106
0.149728055,85.47782694,0,84
0.18892838,88.05318044,0,72
0.162888016,85.30707972,0,84
0.799147852,67.5366658,1,72
0.171461528,83.66822064,0,80
0.764069134,68.86332057,1,68
0.095106288,80.77656474,0,78
0.809357314,73.30592249,1,86
0.046169032,79.84387271,0,62
0.265121809,87.27106405,0,102
0.364570235,87.43890826,0,96
0.015292647,69.67715807,0,58
0.50342813,77.63384988,1,72
0.83257037,71.67015825,1,84
0.439401015,79.98778449,0,90
0.180142226,80.91468939,0,66
0.793246146,70.1441812,1,64
0.799504839,69.32254783,1,68
0.35914372,82.63724652,0,80
0.260903677,79.65308342,0,92
0.038605849,78.47440322,0,76
0.061164568,78.41232952,0,78
0.020584736,68.67036818,0,74
0.448936583,81.47686193,1,72
0.037099,78.03614437,0,68
0.619102673,74.07564673,1,58
0.033817003,80.15713448,0,78
0.681146618,76.35300428,0,88
0.517621591,78.37674376,0,94
0.056827807,74.55090766,0,76
0.06220528,81.81534858,0,82
0.09364702,80.56974559,0,92
0.029847832,67.37422263,0,70
0.031684291,70.56081313,0,82
0.163353626,82.75612499,0,80
0.770665051,77.3624319,1,66
0.588707789,74.08126861,1,70
0.102456605,84.69579412,0,80
0.76201084,81.83240792,0,80
0.125628726,80.7847382,0,72
0.805131368,76.74496153,0,66
0.624810019,76.12025361,1,80
0.13380634,80.82455387,0,84
0.0340797,92.7431507,0,94
0.437720417,80.34917263,1,80
0.135477414,83.37484418,0,104
0.626574953,78.56735767,1,70
0.463898982,83.65051384,1,62
0.094823543,80.93355216,0,92
0.792315266,73.83302077,1,62
0.530043393,79.52390936,1,80
0.412082188,88.9729354,0,92
0.789371825,73.23819488,1,54
0.63710036,79.51149116,0,100
0.596963158,75.03133724,1,80
0.707554898,74.17566288,1,106
0.789529075,68.20811146,1,68
0.078631381,72.00174626,0,80
0.834419399,70.64577185,1,78
